                    <entry>
                        <String>scenario.associations</String>
                        <scenarioAssociation-array>
                            <scenarioAssociation>
                                <field name="url">
                                    <String>../../../../../../Temp/svn/04-39/trunk/svsal/data/W0013_Vol01.xml</String>
                                </field>
                                <field name="scenarioIds">
                                    <list>
                                        <String>Repaginate</String>
                                    </list>
                                </field>
                                <field name="scenarioTypes">
                                    <list>
                                        <String>XSL</String>
                                    </list>
                                </field>
                            </scenarioAssociation>
                            <scenarioAssociation>
                                <field name="url">
                                    <String>svsal/data/W0004.xml</String>
                                </field>
                                <field name="scenarioIds">
                                    <list>
                                        <String>Add xml:ids to elements that need it</String>
                                    </list>
                                </field>
                                <field name="scenarioTypes">
                                    <list>
                                        <String>XSL</String>
                                    </list>
                                </field>
                            </scenarioAssociation>
                            <scenarioAssociation>
                                <field name="url">
                                    <String>test1.xml</String>
                                </field>
                                <field name="scenarioIds">
                                    <list>
                                        <String>test1</String>
                                    </list>
                                </field>
                                <field name="scenarioTypes">
                                    <list>
                                        <String>XML_XQUERY</String>
                                    </list>
                                </field>
                            </scenarioAssociation>
                            <scenarioAssociation>
                                <field name="url">
                                    <String>svsal/resources/W_Head_general.xml</String>
                                </field>
                                <field name="scenarioIds">
                                    <list>
                                        <String>Add xml:ids to elements that need it</String>
                                    </list>
                                </field>
                                <field name="scenarioTypes">
                                    <list>
                                        <String>XSL</String>
                                    </list>
                                </field>
                            </scenarioAssociation>
                            <scenarioAssociation>
                                <field name="url">
                                    <String>svsal/data/L0998.xml</String>
                                </field>
                                <field name="scenarioIds">
                                    <list>
                                        <String>Add xml:ids to elements that need it</String>
                                    </list>
                                </field>
                                <field name="scenarioTypes">
                                    <list>
                                        <String>XSL</String>
                                    </list>
                                </field>
                            </scenarioAssociation>
                            <scenarioAssociation>
                                <field name="url">
                                    <String>../../../../w0013_v2/w0013_v2.html</String>
                                </field>
                                <field name="scenarioIds">
                                    <list>
                                        <String>w0013_v2</String>
                                    </list>
                                </field>
                                <field name="scenarioTypes">
                                    <list>
                                        <String>XSL</String>
                                    </list>
                                </field>
                            </scenarioAssociation>
                            <scenarioAssociation>
                                <field name="url">
                                    <String>https://sal:9.1.101;345;92;476;265;241;142;348;288;88;240;144;218;210;218;251;332;324;269;282;@localhost:8443/exist/webdav/db/apps/salamanca/html/W0010/0092_p_d1e7751.html</String>
                                </field>
                                <field name="scenarioIds">
                                    <list>
                                        <String>0092_p_d1e7751</String>
                                    </list>
                                </field>
                                <field name="scenarioTypes">
                                    <list>
                                        <String>XML</String>
                                    </list>
                                </field>
                            </scenarioAssociation>
                            <scenarioAssociation>
                                <field name="url">
                                    <String>../../../../../../../C:/Lokale%20Datenablage/Dropbox/Desktop/w0004_v1_ind.html</String>
                                </field>
                                <field name="scenarioIds">
                                    <list>
                                        <String>html2csv</String>
                                    </list>
                                </field>
                                <field name="scenarioTypes">
                                    <list>
                                        <String>XSL</String>
                                    </list>
                                </field>
                            </scenarioAssociation>
                            <scenarioAssociation>
                                <field name="url">
                                    <String>tools/html2csv.xsl</String>
                                </field>
                                <field name="scenarioIds">
                                    <list>
                                        <String>html2csv</String>
                                    </list>
                                </field>
                                <field name="scenarioTypes">
                                    <list>
                                        <String>XSL</String>
                                    </list>
                                </field>
                            </scenarioAssociation>
                            <scenarioAssociation>
                                <field name="url">
                                    <String>../../../../../../../C:/Lokale%20Datenablage/Dropbox/Desktop/html2csv.xsl</String>
                                </field>
                                <field name="scenarioIds">
                                    <list>
                                        <String>html2csv</String>
                                    </list>
                                </field>
                                <field name="scenarioTypes">
                                    <list>
                                        <String>XSL</String>
                                    </list>
                                </field>
                            </scenarioAssociation>
                            <scenarioAssociation>
                                <field name="url">
                                    <String>../../../../../../../C:/Lokale%20Datenablage/Dropbox/Desktop/w0015_ind.html</String>
                                </field>
                                <field name="scenarioIds">
                                    <list>
                                        <String>html2csv</String>
                                    </list>
                                </field>
                                <field name="scenarioTypes">
                                    <list>
                                        <String>XSL</String>
                                    </list>
                                </field>
                            </scenarioAssociation>
                            <scenarioAssociation>
                                <field name="url">
                                    <String>svsal/data/lemmata-600.xml</String>
                                </field>
                                <field name="scenarioIds">
                                    <list>
                                        <String>lemmata-600</String>
                                    </list>
                                </field>
                                <field name="scenarioTypes">
                                    <list>
                                        <String>XSL</String>
                                    </list>
                                </field>
                            </scenarioAssociation>
                            <scenarioAssociation>
                                <field name="url">
                                    <String>https://awagner:9.1.101;345;92;476;265;241;142;348;288;88;240;144;218;210;218;251;332;324;269;282;@h2250286.stratoserver.net:8443/exist/webdav/db/apps/salamanca/data/lemmata-600.xml</String>
                                </field>
                                <field name="scenarioIds">
                                    <list>
                                        <String>Add xml:ids to elements that need it</String>
                                    </list>
                                </field>
                                <field name="scenarioTypes">
                                    <list>
                                        <String>XSL</String>
                                    </list>
                                </field>
                            </scenarioAssociation>
                            <scenarioAssociation>
                                <field name="url">
                                    <String>svsal/data/W0010_d.xml</String>
                                </field>
                                <field name="scenarioIds">
                                    <list>
                                        <String>Add xml:ids to elements that need it</String>
                                    </list>
                                </field>
                                <field name="scenarioTypes">
                                    <list>
                                        <String>XSL</String>
                                    </list>
                                </field>
                            </scenarioAssociation>
                            <scenarioAssociation>
                                <field name="url">
                                    <String>https://awagner:9.1.101;345;92;476;265;241;142;348;288;88;240;144;218;210;218;251;332;324;269;282;@h2250286.stratoserver.net:8443/exist/webdav/db/apps/salamanca/data/W0010_b.xml</String>
                                </field>
                                <field name="scenarioIds">
                                    <list>
                                        <String>Add xml:ids to elements that need it</String>
                                    </list>
                                </field>
                                <field name="scenarioTypes">
                                    <list>
                                        <String>XSL</String>
                                    </list>
                                </field>
                            </scenarioAssociation>
                            <scenarioAssociation>
                                <field name="url">
                                    <String>https://awagner:9.1.101;345;92;476;265;241;142;348;288;88;240;144;218;210;218;251;332;324;269;282;@h2250286.stratoserver.net:8443/exist/webdav/db/apps/salamanca/data/W0010_a.xml</String>
                                </field>
                                <field name="scenarioIds">
                                    <list>
                                        <String>Add xml:ids to elements that need it</String>
                                    </list>
                                </field>
                                <field name="scenarioTypes">
                                    <list>
                                        <String>XSL</String>
                                    </list>
                                </field>
                            </scenarioAssociation>
                            <scenarioAssociation>
                                <field name="url">
                                    <String>svsal/data/W0010_a.xml</String>
                                </field>
                                <field name="scenarioIds">
                                    <list>
                                        <String>Add xml:ids to elements that need it</String>
                                    </list>
                                </field>
                                <field name="scenarioTypes">
                                    <list>
                                        <String>XSL</String>
                                    </list>
                                </field>
                            </scenarioAssociation>
                            <scenarioAssociation>
                                <field name="url">
                                    <String>https://awagner:9.1.101;345;92;476;265;241;142;348;288;88;240;144;218;210;218;251;332;324;269;282;@h2250286.stratoserver.net:8443/exist/webdav/db/apps/salamanca/data/W0010_a.bak.xml</String>
                                </field>
                                <field name="scenarioIds">
                                    <list>
                                        <String>Add xml:ids to elements that need it</String>
                                    </list>
                                </field>
                                <field name="scenarioTypes">
                                    <list>
                                        <String>XSL</String>
                                    </list>
                                </field>
                            </scenarioAssociation>
                            <scenarioAssociation>
                                <field name="url">
                                    <String>https://awagner:9.1.101;345;92;476;265;241;142;348;288;88;240;144;218;210;218;251;332;324;269;282;@h2250286.stratoserver.net:8443/exist/webdav/db/apps/salamanca/modules/render.xql</String>
                                </field>
                                <field name="scenarioIds">
                                    <list>
                                        <String>render W0999</String>
                                    </list>
                                </field>
                                <field name="scenarioTypes">
                                    <list>
                                        <String>XML_XQUERY</String>
                                    </list>
                                </field>
                            </scenarioAssociation>
                            <scenarioAssociation>
                                <field name="url">
                                    <String>https://spreadsheets.google.com/feeds/list/0AsuPP847sJrUdEdwcVdHeUZ1Sm80dEc1eWZHQkwyZlE/od6/public/basic</String>
                                </field>
                                <field name="scenarioIds">
                                    <list>
                                        <String>atom2tei - xslt aus local exist, Atom von Google, Ergebnis lokal speichern</String>
                                    </list>
                                </field>
                                <field name="scenarioTypes">
                                    <list>
                                        <String>XSL</String>
                                    </list>
                                </field>
                            </scenarioAssociation>
                            <scenarioAssociation>
                                <field name="url">
                                    <String>../../../../Dropbox/Salamanca_Forschung/Akademienprojekt/Programmierung/personen-gdoc.atom</String>
                                </field>
                                <field name="scenarioIds">
                                    <list>
                                        <String>atom2tei - xslt aus der Arbeitskopie, Atom lokal</String>
                                    </list>
                                </field>
                                <field name="scenarioTypes">
                                    <list>
                                        <String>XSL</String>
                                    </list>
                                </field>
                            </scenarioAssociation>
                            <scenarioAssociation>
                                <field name="url">
                                    <String>tools/txt2tei.xsl</String>
                                </field>
                                <field name="scenarioIds">
                                    <list>
                                        <String>txt2tei</String>
                                    </list>
                                </field>
                                <field name="scenarioTypes">
                                    <list>
                                        <String>XML</String>
                                    </list>
                                </field>
                            </scenarioAssociation>
                            <scenarioAssociation>
                                <field name="url">
                                    <String>oxygen:/Local%20eXist$Local%20SvSal-Db/db/apps/salamanca/modules/app.xql</String>
                                </field>
                                <field name="scenarioIds">
                                    <list>
                                        <String>app</String>
                                    </list>
                                </field>
                                <field name="scenarioTypes">
                                    <list>
                                        <String>XQUERY</String>
                                    </list>
                                </field>
                            </scenarioAssociation>
                            <scenarioAssociation>
                                <field name="url">
                                    <String>oxygen:/Local%20eXist2$Local%20exist%20WeGA/db/apps/salamanca/resources/xsl/reading_view.xsl</String>
                                </field>
                                <field name="scenarioIds">
                                    <list>
                                        <String>reading_view</String>
                                        <String>reading_view</String>
                                    </list>
                                </field>
                                <field name="scenarioTypes">
                                    <list>
                                        <String>XSL</String>
                                        <String>XSL</String>
                                    </list>
                                </field>
                            </scenarioAssociation>
                        </scenarioAssociation-array>
                    </entry>
