                    <entry>
                        <String>scenarios</String>
                        <scenario-array>
                            <scenario>
                                <field name="advancedOptionsMap">
                                    <null/>
                                </field>
                                <field name="name">
                                    <String>0092_p_d1e7751</String>
                                </field>
                                <field name="baseURL">
                                    <String></String>
                                </field>
                                <field name="footerURL">
                                    <String></String>
                                </field>
                                <field name="fOPMethod">
                                    <String>pdf</String>
                                </field>
                                <field name="fOProcessorName">
                                    <String>Apache FOP</String>
                                </field>
                                <field name="headerURL">
                                    <String></String>
                                </field>
                                <field name="inputXSLURL">
                                    <String>${pdu}/tools/test1.xsl</String>
                                </field>
                                <field name="inputXMLURL">
                                    <String>${currentFileURL}</String>
                                </field>
                                <field name="defaultScenario">
                                    <Boolean>false</Boolean>
                                </field>
                                <field name="isFOPPerforming">
                                    <Boolean>false</Boolean>
                                </field>
                                <field name="type">
                                    <String>XML</String>
                                </field>
                                <field name="saveAs">
                                    <Boolean>true</Boolean>
                                </field>
                                <field name="openInBrowser">
                                    <Boolean>false</Boolean>
                                </field>
                                <field name="outputFile">
                                    <null/>
                                </field>
                                <field name="outputResource">
                                    <null/>
                                </field>
                                <field name="openOtherLocationInBrowser">
                                    <Boolean>false</Boolean>
                                </field>
                                <field name="locationToOpenInBrowserURL">
                                    <null/>
                                </field>
                                <field name="openInEditor">
                                    <Boolean>true</Boolean>
                                </field>
                                <field name="showInHTMLPane">
                                    <Boolean>true</Boolean>
                                </field>
                                <field name="showInXMLPane">
                                    <Boolean>false</Boolean>
                                </field>
                                <field name="showInSVGPane">
                                    <Boolean>false</Boolean>
                                </field>
                                <field name="showInResultSetPane">
                                    <Boolean>false</Boolean>
                                </field>
                                <field name="useXSLTInput">
                                    <Boolean>true</Boolean>
                                </field>
                                <field name="xsltParams">
                                    <list/>
                                </field>
                                <field name="cascadingStylesheets">
                                    <String-array/>
                                </field>
                                <field name="xslTransformer">
                                    <String>Saxon-EE</String>
                                </field>
                                <field name="extensionURLs">
                                    <String-array/>
                                </field>
                            </scenario>
                            <scenario>
                                <field name="advancedOptionsMap">
                                    <null/>
                                </field>
                                <field name="name">
                                    <String>txt2tei</String>
                                </field>
                                <field name="baseURL">
                                    <String></String>
                                </field>
                                <field name="footerURL">
                                    <String></String>
                                </field>
                                <field name="fOPMethod">
                                    <String>pdf</String>
                                </field>
                                <field name="fOProcessorName">
                                    <String>Apache FOP</String>
                                </field>
                                <field name="headerURL">
                                    <String></String>
                                </field>
                                <field name="inputXSLURL">
                                    <String>${pdu}/tools/txt2tei.xsl</String>
                                </field>
                                <field name="inputXMLURL">
                                    <String>${currentFileURL}</String>
                                </field>
                                <field name="defaultScenario">
                                    <Boolean>false</Boolean>
                                </field>
                                <field name="isFOPPerforming">
                                    <Boolean>false</Boolean>
                                </field>
                                <field name="type">
                                    <String>XML</String>
                                </field>
                                <field name="saveAs">
                                    <Boolean>true</Boolean>
                                </field>
                                <field name="openInBrowser">
                                    <Boolean>false</Boolean>
                                </field>
                                <field name="outputFile">
                                    <File>${pd}/svsal/data/Wtemp.xml</File>
                                </field>
                                <field name="outputResource">
                                    <String>${pd}/svsal/data/Wtemp.xml</String>
                                </field>
                                <field name="openOtherLocationInBrowser">
                                    <Boolean>false</Boolean>
                                </field>
                                <field name="locationToOpenInBrowserURL">
                                    <null/>
                                </field>
                                <field name="openInEditor">
                                    <Boolean>true</Boolean>
                                </field>
                                <field name="showInHTMLPane">
                                    <Boolean>false</Boolean>
                                </field>
                                <field name="showInXMLPane">
                                    <Boolean>false</Boolean>
                                </field>
                                <field name="showInSVGPane">
                                    <Boolean>false</Boolean>
                                </field>
                                <field name="showInResultSetPane">
                                    <Boolean>false</Boolean>
                                </field>
                                <field name="useXSLTInput">
                                    <Boolean>true</Boolean>
                                </field>
                                <field name="xsltParams">
                                    <list>
                                        <transformationParameter>
                                            <field name="paramDescription">
                                                <paramDescriptor>
                                                    <field name="localName">
                                                        <String>BearbeiterIn</String>
                                                    </field>
                                                    <field name="prefix">
                                                        <null/>
                                                    </field>
                                                    <field name="namespace">
                                                        <null/>
                                                    </field>
                                                </paramDescriptor>
                                            </field>
                                            <field name="value">
                                                <String>${ask('BearbeiterIn?', generic, '#')}</String>
                                            </field>
                                            <field name="hasXPathValue">
                                                <Boolean>false</Boolean>
                                            </field>
                                        </transformationParameter>
                                        <transformationParameter>
                                            <field name="paramDescription">
                                                <paramDescriptor>
                                                    <field name="localName">
                                                        <String>docID</String>
                                                    </field>
                                                    <field name="prefix">
                                                        <null/>
                                                    </field>
                                                    <field name="namespace">
                                                        <null/>
                                                    </field>
                                                </paramDescriptor>
                                            </field>
                                            <field name="value">
                                                <String>${ask('Dokument ID?', generic, 'W')}</String>
                                            </field>
                                            <field name="hasXPathValue">
                                                <Boolean>false</Boolean>
                                            </field>
                                        </transformationParameter>
                                        <transformationParameter>
                                            <field name="paramDescription">
                                                <paramDescriptor>
                                                    <field name="localName">
                                                        <String>ImportDatum</String>
                                                    </field>
                                                    <field name="prefix">
                                                        <null/>
                                                    </field>
                                                    <field name="namespace">
                                                        <null/>
                                                    </field>
                                                </paramDescriptor>
                                            </field>
                                            <field name="value">
                                                <String>${date(yyyy-MM-dd)}</String>
                                            </field>
                                            <field name="hasXPathValue">
                                                <Boolean>false</Boolean>
                                            </field>
                                        </transformationParameter>
                                        <transformationParameter>
                                            <field name="paramDescription">
                                                <paramDescriptor>
                                                    <field name="localName">
                                                        <String>ImportSource</String>
                                                    </field>
                                                    <field name="prefix">
                                                        <null/>
                                                    </field>
                                                    <field name="namespace">
                                                        <null/>
                                                    </field>
                                                </paramDescriptor>
                                            </field>
                                            <field name="value">
                                                <String>${cfdu}/../import.txt</String>
                                            </field>
                                            <field name="hasXPathValue">
                                                <Boolean>false</Boolean>
                                            </field>
                                        </transformationParameter>
                                    </list>
                                </field>
                                <field name="cascadingStylesheets">
                                    <String-array/>
                                </field>
                                <field name="xslTransformer">
                                    <String>Saxon-EE</String>
                                </field>
                                <field name="extensionURLs">
                                    <String-array/>
                                </field>
                            </scenario>
                            <scenario>
                                <field name="advancedOptionsMap">
                                    <null/>
                                </field>
                                <field name="name">
                                    <String>render W0999</String>
                                </field>
                                <field name="baseURL">
                                    <String></String>
                                </field>
                                <field name="footerURL">
                                    <String></String>
                                </field>
                                <field name="fOPMethod">
                                    <String>pdf</String>
                                </field>
                                <field name="fOProcessorName">
                                    <String>Apache FOP</String>
                                </field>
                                <field name="headerURL">
                                    <String></String>
                                </field>
                                <field name="inputXSLURL">
                                    <String>https://awagner:9.1.101;345;92;476;265;241;142;348;288;88;240;144;218;210;218;251;332;324;269;282;@h2250286.stratoserver.net:8443/exist/webdav/db/apps/salamanca/modules/render.xql</String>
                                </field>
                                <field name="inputXMLURL">
                                    <String>https://awagner:9.1.101;345;92;476;265;241;142;348;288;88;240;144;218;210;218;251;332;324;269;282;@h2250286.stratoserver.net:8443/exist/webdav/db/apps/salamanca/data/W0999.xml</String>
                                </field>
                                <field name="defaultScenario">
                                    <Boolean>false</Boolean>
                                </field>
                                <field name="isFOPPerforming">
                                    <Boolean>false</Boolean>
                                </field>
                                <field name="type">
                                    <String>XML_XQUERY</String>
                                </field>
                                <field name="saveAs">
                                    <Boolean>true</Boolean>
                                </field>
                                <field name="openInBrowser">
                                    <Boolean>false</Boolean>
                                </field>
                                <field name="outputFile">
                                    <null/>
                                </field>
                                <field name="outputResource">
                                    <null/>
                                </field>
                                <field name="openOtherLocationInBrowser">
                                    <Boolean>false</Boolean>
                                </field>
                                <field name="locationToOpenInBrowserURL">
                                    <null/>
                                </field>
                                <field name="openInEditor">
                                    <Boolean>false</Boolean>
                                </field>
                                <field name="showInHTMLPane">
                                    <Boolean>false</Boolean>
                                </field>
                                <field name="showInXMLPane">
                                    <Boolean>true</Boolean>
                                </field>
                                <field name="showInSVGPane">
                                    <Boolean>false</Boolean>
                                </field>
                                <field name="showInResultSetPane">
                                    <Boolean>true</Boolean>
                                </field>
                                <field name="useXSLTInput">
                                    <Boolean>true</Boolean>
                                </field>
                                <field name="xsltParams">
                                    <list>
                                        <transformationParameter>
                                            <field name="paramDescription">
                                                <paramDescriptor>
                                                    <field name="localName">
                                                        <String>wid</String>
                                                    </field>
                                                    <field name="prefix">
                                                        <null/>
                                                    </field>
                                                    <field name="namespace">
                                                        <null/>
                                                    </field>
                                                </paramDescriptor>
                                            </field>
                                            <field name="value">
                                                <String>W0999</String>
                                            </field>
                                            <field name="hasXPathValue">
                                                <Boolean>false</Boolean>
                                            </field>
                                        </transformationParameter>
                                    </list>
                                </field>
                                <field name="cascadingStylesheets">
                                    <String-array/>
                                </field>
                                <field name="xslTransformer">
                                    <String>Saxon-PE XQuery</String>
                                </field>
                                <field name="extensionURLs">
                                    <String-array/>
                                </field>
                            </scenario>
                            <scenario>
                                <field name="advancedOptionsMap">
                                    <null/>
                                </field>
                                <field name="name">
                                    <String>test1</String>
                                </field>
                                <field name="baseURL">
                                    <String></String>
                                </field>
                                <field name="footerURL">
                                    <String></String>
                                </field>
                                <field name="fOPMethod">
                                    <String>pdf</String>
                                </field>
                                <field name="fOProcessorName">
                                    <String>Apache FOP</String>
                                </field>
                                <field name="headerURL">
                                    <String></String>
                                </field>
                                <field name="inputXSLURL">
                                    <String>${cfdu}/test1.xql</String>
                                </field>
                                <field name="inputXMLURL">
                                    <String>${currentFileURL}</String>
                                </field>
                                <field name="defaultScenario">
                                    <Boolean>false</Boolean>
                                </field>
                                <field name="isFOPPerforming">
                                    <Boolean>false</Boolean>
                                </field>
                                <field name="type">
                                    <String>XML_XQUERY</String>
                                </field>
                                <field name="saveAs">
                                    <Boolean>false</Boolean>
                                </field>
                                <field name="openInBrowser">
                                    <Boolean>false</Boolean>
                                </field>
                                <field name="outputFile">
                                    <null/>
                                </field>
                                <field name="outputResource">
                                    <null/>
                                </field>
                                <field name="openOtherLocationInBrowser">
                                    <Boolean>false</Boolean>
                                </field>
                                <field name="locationToOpenInBrowserURL">
                                    <null/>
                                </field>
                                <field name="openInEditor">
                                    <Boolean>false</Boolean>
                                </field>
                                <field name="showInHTMLPane">
                                    <Boolean>false</Boolean>
                                </field>
                                <field name="showInXMLPane">
                                    <Boolean>false</Boolean>
                                </field>
                                <field name="showInSVGPane">
                                    <Boolean>false</Boolean>
                                </field>
                                <field name="showInResultSetPane">
                                    <Boolean>true</Boolean>
                                </field>
                                <field name="useXSLTInput">
                                    <Boolean>true</Boolean>
                                </field>
                                <field name="xsltParams">
                                    <list/>
                                </field>
                                <field name="cascadingStylesheets">
                                    <String-array/>
                                </field>
                                <field name="xslTransformer">
                                    <String>Saxon-PE XQuery</String>
                                </field>
                                <field name="extensionURLs">
                                    <String-array/>
                                </field>
                            </scenario>
                            <scenario>
                                <field name="advancedOptionsMap">
                                    <null/>
                                </field>
                                <field name="name">
                                    <String>app</String>
                                </field>
                                <field name="baseURL">
                                    <String></String>
                                </field>
                                <field name="footerURL">
                                    <String></String>
                                </field>
                                <field name="fOPMethod">
                                    <String>pdf</String>
                                </field>
                                <field name="fOProcessorName">
                                    <String>Apache FOP</String>
                                </field>
                                <field name="headerURL">
                                    <String></String>
                                </field>
                                <field name="inputXSLURL">
                                    <String>${currentFileURL}</String>
                                </field>
                                <field name="inputXMLURL">
                                    <String>file:/U:/PA/Documents/Akademienprojekt/Projektdaten/svn/trunk/W0065.xml</String>
                                </field>
                                <field name="defaultScenario">
                                    <Boolean>false</Boolean>
                                </field>
                                <field name="isFOPPerforming">
                                    <Boolean>false</Boolean>
                                </field>
                                <field name="type">
                                    <String>XQUERY</String>
                                </field>
                                <field name="saveAs">
                                    <Boolean>true</Boolean>
                                </field>
                                <field name="openInBrowser">
                                    <Boolean>false</Boolean>
                                </field>
                                <field name="outputFile">
                                    <null/>
                                </field>
                                <field name="outputResource">
                                    <null/>
                                </field>
                                <field name="openOtherLocationInBrowser">
                                    <Boolean>false</Boolean>
                                </field>
                                <field name="locationToOpenInBrowserURL">
                                    <null/>
                                </field>
                                <field name="openInEditor">
                                    <Boolean>false</Boolean>
                                </field>
                                <field name="showInHTMLPane">
                                    <Boolean>false</Boolean>
                                </field>
                                <field name="showInXMLPane">
                                    <Boolean>true</Boolean>
                                </field>
                                <field name="showInSVGPane">
                                    <Boolean>false</Boolean>
                                </field>
                                <field name="showInResultSetPane">
                                    <Boolean>true</Boolean>
                                </field>
                                <field name="useXSLTInput">
                                    <Boolean>true</Boolean>
                                </field>
                                <field name="xsltParams">
                                    <list/>
                                </field>
                                <field name="cascadingStylesheets">
                                    <String-array/>
                                </field>
                                <field name="xslTransformer">
                                    <String>Saxon-PE XQuery</String>
                                </field>
                                <field name="extensionURLs">
                                    <String-array/>
                                </field>
                            </scenario>
                            <scenario>
                                <field name="advancedOptionsMap">
                                    <serializableOrderedMap>
                                        <entry>
                                            <String>Saxon-EE</String>
                                            <xsltSaxonSAAdvancedOptions>
                                                <field name="sourceValidation">
                                                    <String>saxon.source.no.schema.based.validation</String>
                                                </field>
                                                <field name="schemaVersion">
                                                    <String>1.0</String>
                                                </field>
                                                <field name="treatResultValidationErrorsAsWarnings">
                                                    <Boolean>false</Boolean>
                                                </field>
                                                <field name="addCommentsForValidationErrors">
                                                    <Boolean>true</Boolean>
                                                </field>
                                                <field name="streamingEnabled">
                                                    <Boolean>false</Boolean>
                                                </field>
                                                <field name="allowCallsOnExtensionFunctions">
                                                    <Boolean>true</Boolean>
                                                </field>
                                                <field name="registerSaxonCEExtensions">
                                                    <Boolean>false</Boolean>
                                                </field>
                                                <field name="enableAssertions">
                                                    <Boolean>false</Boolean>
                                                </field>
                                                <field name="showVersionWarnings">
                                                    <Boolean>false</Boolean>
                                                </field>
                                                <field name="dtdSourceValidation">
                                                    <Boolean>false</Boolean>
                                                </field>
                                                <field name="dtdSourceValidationRecover">
                                                    <Boolean>false</Boolean>
                                                </field>
                                                <field name="lineNumbering">
                                                    <Boolean>false</Boolean>
                                                </field>
                                                <field name="initialMode">
                                                    <null/>
                                                </field>
                                                <field name="initialTemplate">
                                                    <null/>
                                                </field>
                                                <field name="traceXPathExpression">
                                                    <Boolean>false</Boolean>
                                                </field>
                                                <field name="expandAttributeDefaults">
                                                    <Boolean>true</Boolean>
                                                </field>
                                                <field name="errorRecoverPolicy">
                                                    <String>saxon.recover.with.warning</String>
                                                </field>
                                                <field name="stripWS">
                                                    <String>saxon.strip.ws.none</String>
                                                </field>
                                                <field name="optimizationEnabled">
                                                    <Boolean>true</Boolean>
                                                </field>
                                                <field name="useConfigFile">
                                                    <Boolean>true</Boolean>
                                                </field>
                                                <field name="configSystemID">
                                                    <String>${pdu}/saxon-without-xincludes.xml</String>
                                                </field>
                                                <field name="initializer">
                                                    <String></String>
                                                </field>
                                            </xsltSaxonSAAdvancedOptions>
                                        </entry>
                                        <entry>
                                            <String>Saxon-PE</String>
                                            <xsltSaxonBAdvancedOptions>
                                                <field name="allowCallsOnExtensionFunctions">
                                                    <Boolean>true</Boolean>
                                                </field>
                                                <field name="registerSaxonCEExtensions">
                                                    <Boolean>true</Boolean>
                                                </field>
                                                <field name="enableAssertions">
                                                    <Boolean>false</Boolean>
                                                </field>
                                                <field name="showVersionWarnings">
                                                    <Boolean>false</Boolean>
                                                </field>
                                                <field name="dtdSourceValidation">
                                                    <Boolean>false</Boolean>
                                                </field>
                                                <field name="dtdSourceValidationRecover">
                                                    <Boolean>false</Boolean>
                                                </field>
                                                <field name="lineNumbering">
                                                    <Boolean>false</Boolean>
                                                </field>
                                                <field name="initialMode">
                                                    <null/>
                                                </field>
                                                <field name="initialTemplate">
                                                    <null/>
                                                </field>
                                                <field name="traceXPathExpression">
                                                    <Boolean>true</Boolean>
                                                </field>
                                                <field name="expandAttributeDefaults">
                                                    <Boolean>true</Boolean>
                                                </field>
                                                <field name="errorRecoverPolicy">
                                                    <String>saxon.recover.with.warning</String>
                                                </field>
                                                <field name="stripWS">
                                                    <String>saxon.strip.ws.none</String>
                                                </field>
                                                <field name="optimizationEnabled">
                                                    <Boolean>true</Boolean>
                                                </field>
                                                <field name="useConfigFile">
                                                    <Boolean>false</Boolean>
                                                </field>
                                                <field name="configSystemID">
                                                    <null/>
                                                </field>
                                                <field name="initializer">
                                                    <String></String>
                                                </field>
                                            </xsltSaxonBAdvancedOptions>
                                        </entry>
                                    </serializableOrderedMap>
                                </field>
                                <field name="name">
                                    <String>Add xml:ids to elements that need it</String>
                                </field>
                                <field name="baseURL">
                                    <String></String>
                                </field>
                                <field name="footerURL">
                                    <String></String>
                                </field>
                                <field name="fOPMethod">
                                    <String>pdf</String>
                                </field>
                                <field name="fOProcessorName">
                                    <String>Apache FOP</String>
                                </field>
                                <field name="headerURL">
                                    <String></String>
                                </field>
                                <field name="inputXSLURL">
                                    <String>${pdu}/tools/id_generation.xsl</String>
                                </field>
                                <field name="inputXMLURL">
                                    <String>${currentFileURL}</String>
                                </field>
                                <field name="defaultScenario">
                                    <Boolean>false</Boolean>
                                </field>
                                <field name="isFOPPerforming">
                                    <Boolean>false</Boolean>
                                </field>
                                <field name="type">
                                    <String>XSL</String>
                                </field>
                                <field name="saveAs">
                                    <Boolean>true</Boolean>
                                </field>
                                <field name="openInBrowser">
                                    <Boolean>false</Boolean>
                                </field>
                                <field name="outputFile">
                                    <File>${pd}/test1.xml</File>
                                </field>
                                <field name="outputResource">
                                    <String>${pd}/test1.xml</String>
                                </field>
                                <field name="openOtherLocationInBrowser">
                                    <Boolean>false</Boolean>
                                </field>
                                <field name="locationToOpenInBrowserURL">
                                    <null/>
                                </field>
                                <field name="openInEditor">
                                    <Boolean>true</Boolean>
                                </field>
                                <field name="showInHTMLPane">
                                    <Boolean>false</Boolean>
                                </field>
                                <field name="showInXMLPane">
                                    <Boolean>false</Boolean>
                                </field>
                                <field name="showInSVGPane">
                                    <Boolean>false</Boolean>
                                </field>
                                <field name="showInResultSetPane">
                                    <Boolean>false</Boolean>
                                </field>
                                <field name="useXSLTInput">
                                    <Boolean>true</Boolean>
                                </field>
                                <field name="xsltParams">
                                    <list/>
                                </field>
                                <field name="cascadingStylesheets">
                                    <String-array/>
                                </field>
                                <field name="xslTransformer">
                                    <String>Saxon-EE</String>
                                </field>
                                <field name="extensionURLs">
                                    <String-array/>
                                </field>
                            </scenario>
                            <scenario>
                                <field name="advancedOptionsMap">
                                    <null/>
                                </field>
                                <field name="name">
                                    <String>Untitled1</String>
                                </field>
                                <field name="baseURL">
                                    <String></String>
                                </field>
                                <field name="footerURL">
                                    <String></String>
                                </field>
                                <field name="fOPMethod">
                                    <String>pdf</String>
                                </field>
                                <field name="fOProcessorName">
                                    <String>Apache FOP</String>
                                </field>
                                <field name="headerURL">
                                    <String></String>
                                </field>
                                <field name="inputXSLURL">
                                    <String>oxygen:/SvSal1%20-%20eXist2$SvSal1%20-%20eXist/db/apps/salamanca/services/lod/rdf.xsl</String>
                                </field>
                                <field name="inputXMLURL">
                                    <String>${currentFileURL}</String>
                                </field>
                                <field name="defaultScenario">
                                    <Boolean>false</Boolean>
                                </field>
                                <field name="isFOPPerforming">
                                    <Boolean>false</Boolean>
                                </field>
                                <field name="type">
                                    <String>XSL</String>
                                </field>
                                <field name="saveAs">
                                    <Boolean>true</Boolean>
                                </field>
                                <field name="openInBrowser">
                                    <Boolean>false</Boolean>
                                </field>
                                <field name="outputFile">
                                    <null/>
                                </field>
                                <field name="outputResource">
                                    <null/>
                                </field>
                                <field name="openOtherLocationInBrowser">
                                    <Boolean>false</Boolean>
                                </field>
                                <field name="locationToOpenInBrowserURL">
                                    <null/>
                                </field>
                                <field name="openInEditor">
                                    <Boolean>true</Boolean>
                                </field>
                                <field name="showInHTMLPane">
                                    <Boolean>false</Boolean>
                                </field>
                                <field name="showInXMLPane">
                                    <Boolean>false</Boolean>
                                </field>
                                <field name="showInSVGPane">
                                    <Boolean>false</Boolean>
                                </field>
                                <field name="showInResultSetPane">
                                    <Boolean>false</Boolean>
                                </field>
                                <field name="useXSLTInput">
                                    <Boolean>true</Boolean>
                                </field>
                                <field name="xsltParams">
                                    <list/>
                                </field>
                                <field name="cascadingStylesheets">
                                    <String-array/>
                                </field>
                                <field name="xslTransformer">
                                    <String>Saxon-EE</String>
                                </field>
                                <field name="extensionURLs">
                                    <String-array/>
                                </field>
                            </scenario>
                            <scenario>
                                <field name="advancedOptionsMap">
                                    <null/>
                                </field>
                                <field name="name">
                                    <String>atom2tei - xslt aus der Arbeitskopie, Atom lokal</String>
                                </field>
                                <field name="baseURL">
                                    <String></String>
                                </field>
                                <field name="footerURL">
                                    <String></String>
                                </field>
                                <field name="fOPMethod">
                                    <String>pdf</String>
                                </field>
                                <field name="fOProcessorName">
                                    <String>Apache FOP</String>
                                </field>
                                <field name="headerURL">
                                    <String></String>
                                </field>
                                <field name="inputXSLURL">
                                    <String>${pdu}/svsal/resources/xsl/atom2tei.xsl</String>
                                </field>
                                <field name="inputXMLURL">
                                    <String>file:/home/wagner/Dropbox/Salamanca_Forschung/Akademienprojekt/Programmierung/personen-gdoc.atom</String>
                                </field>
                                <field name="defaultScenario">
                                    <Boolean>false</Boolean>
                                </field>
                                <field name="isFOPPerforming">
                                    <Boolean>false</Boolean>
                                </field>
                                <field name="type">
                                    <String>XSL</String>
                                </field>
                                <field name="saveAs">
                                    <Boolean>true</Boolean>
                                </field>
                                <field name="openInBrowser">
                                    <Boolean>false</Boolean>
                                </field>
                                <field name="outputFile">
                                    <File>${pd}/svsal/resources/persons-from-atom.xml</File>
                                </field>
                                <field name="outputResource">
                                    <String>${pd}/svsal/resources/persons-from-atom.xml</String>
                                </field>
                                <field name="openOtherLocationInBrowser">
                                    <Boolean>false</Boolean>
                                </field>
                                <field name="locationToOpenInBrowserURL">
                                    <null/>
                                </field>
                                <field name="openInEditor">
                                    <Boolean>true</Boolean>
                                </field>
                                <field name="showInHTMLPane">
                                    <Boolean>false</Boolean>
                                </field>
                                <field name="showInXMLPane">
                                    <Boolean>false</Boolean>
                                </field>
                                <field name="showInSVGPane">
                                    <Boolean>false</Boolean>
                                </field>
                                <field name="showInResultSetPane">
                                    <Boolean>false</Boolean>
                                </field>
                                <field name="useXSLTInput">
                                    <Boolean>true</Boolean>
                                </field>
                                <field name="xsltParams">
                                    <list/>
                                </field>
                                <field name="cascadingStylesheets">
                                    <String-array/>
                                </field>
                                <field name="xslTransformer">
                                    <String>Saxon-PE</String>
                                </field>
                                <field name="extensionURLs">
                                    <String-array/>
                                </field>
                            </scenario>
                            <scenario>
                                <field name="advancedOptionsMap">
                                    <null/>
                                </field>
                                <field name="name">
                                    <String>atom2tei - xslt aus der Arbeitskopie, Atom von Google</String>
                                </field>
                                <field name="baseURL">
                                    <String></String>
                                </field>
                                <field name="footerURL">
                                    <String></String>
                                </field>
                                <field name="fOPMethod">
                                    <String>pdf</String>
                                </field>
                                <field name="fOProcessorName">
                                    <String>Apache FOP</String>
                                </field>
                                <field name="headerURL">
                                    <String></String>
                                </field>
                                <field name="inputXSLURL">
                                    <String>${pdu}/svsal/resources/xsl/atom2tei.xsl</String>
                                </field>
                                <field name="inputXMLURL">
                                    <String>https://spreadsheets.google.com/feeds/list/0AsuPP847sJrUdEdwcVdHeUZ1Sm80dEc1eWZHQkwyZlE/od6/public/basic</String>
                                </field>
                                <field name="defaultScenario">
                                    <Boolean>false</Boolean>
                                </field>
                                <field name="isFOPPerforming">
                                    <Boolean>false</Boolean>
                                </field>
                                <field name="type">
                                    <String>XSL</String>
                                </field>
                                <field name="saveAs">
                                    <Boolean>true</Boolean>
                                </field>
                                <field name="openInBrowser">
                                    <Boolean>false</Boolean>
                                </field>
                                <field name="outputFile">
                                    <File>${pd}/svsal/resources/persons-from-atom.xml</File>
                                </field>
                                <field name="outputResource">
                                    <String>${pd}/svsal/resources/persons-from-atom.xml</String>
                                </field>
                                <field name="openOtherLocationInBrowser">
                                    <Boolean>false</Boolean>
                                </field>
                                <field name="locationToOpenInBrowserURL">
                                    <null/>
                                </field>
                                <field name="openInEditor">
                                    <Boolean>true</Boolean>
                                </field>
                                <field name="showInHTMLPane">
                                    <Boolean>false</Boolean>
                                </field>
                                <field name="showInXMLPane">
                                    <Boolean>false</Boolean>
                                </field>
                                <field name="showInSVGPane">
                                    <Boolean>false</Boolean>
                                </field>
                                <field name="showInResultSetPane">
                                    <Boolean>false</Boolean>
                                </field>
                                <field name="useXSLTInput">
                                    <Boolean>true</Boolean>
                                </field>
                                <field name="xsltParams">
                                    <list/>
                                </field>
                                <field name="cascadingStylesheets">
                                    <String-array/>
                                </field>
                                <field name="xslTransformer">
                                    <String>Saxon-PE</String>
                                </field>
                                <field name="extensionURLs">
                                    <String-array/>
                                </field>
                            </scenario>
                            <scenario>
                                <field name="advancedOptionsMap">
                                    <null/>
                                </field>
                                <field name="name">
                                    <String>atom2tei - xslt aus local exist, Atom von Google, Ergebnis lokal speichern</String>
                                </field>
                                <field name="baseURL">
                                    <String></String>
                                </field>
                                <field name="footerURL">
                                    <String></String>
                                </field>
                                <field name="fOPMethod">
                                    <String>pdf</String>
                                </field>
                                <field name="fOProcessorName">
                                    <String>Apache FOP</String>
                                </field>
                                <field name="headerURL">
                                    <String></String>
                                </field>
                                <field name="inputXSLURL">
                                    <String>oxygen:/Local%20eXist2$Local%20exist/db/apps/salamanca/resources/xsl/atom2tei.xsl</String>
                                </field>
                                <field name="inputXMLURL">
                                    <String>https://spreadsheets.google.com/feeds/list/0AsuPP847sJrUdEdwcVdHeUZ1Sm80dEc1eWZHQkwyZlE/od6/public/basic</String>
                                </field>
                                <field name="defaultScenario">
                                    <Boolean>false</Boolean>
                                </field>
                                <field name="isFOPPerforming">
                                    <Boolean>false</Boolean>
                                </field>
                                <field name="type">
                                    <String>XSL</String>
                                </field>
                                <field name="saveAs">
                                    <Boolean>true</Boolean>
                                </field>
                                <field name="openInBrowser">
                                    <Boolean>false</Boolean>
                                </field>
                                <field name="outputFile">
                                    <File>${pd}/svsal/resources/persons-from-atom.xml</File>
                                </field>
                                <field name="outputResource">
                                    <String>${pd}/svsal/resources/persons-from-atom.xml</String>
                                </field>
                                <field name="openOtherLocationInBrowser">
                                    <Boolean>false</Boolean>
                                </field>
                                <field name="locationToOpenInBrowserURL">
                                    <null/>
                                </field>
                                <field name="openInEditor">
                                    <Boolean>true</Boolean>
                                </field>
                                <field name="showInHTMLPane">
                                    <Boolean>false</Boolean>
                                </field>
                                <field name="showInXMLPane">
                                    <Boolean>false</Boolean>
                                </field>
                                <field name="showInSVGPane">
                                    <Boolean>false</Boolean>
                                </field>
                                <field name="showInResultSetPane">
                                    <Boolean>false</Boolean>
                                </field>
                                <field name="useXSLTInput">
                                    <Boolean>true</Boolean>
                                </field>
                                <field name="xsltParams">
                                    <list/>
                                </field>
                                <field name="cascadingStylesheets">
                                    <String-array/>
                                </field>
                                <field name="xslTransformer">
                                    <String>Saxon-PE</String>
                                </field>
                                <field name="extensionURLs">
                                    <String-array/>
                                </field>
                            </scenario>
                            <scenario>
                                <field name="advancedOptionsMap">
                                    <null/>
                                </field>
                                <field name="name">
                                    <String>html2csv</String>
                                </field>
                                <field name="baseURL">
                                    <String></String>
                                </field>
                                <field name="footerURL">
                                    <String></String>
                                </field>
                                <field name="fOPMethod">
                                    <String>pdf</String>
                                </field>
                                <field name="fOProcessorName">
                                    <String>Apache FOP</String>
                                </field>
                                <field name="headerURL">
                                    <String></String>
                                </field>
                                <field name="inputXSLURL">
                                    <String>${pdu}/tools/html2csv.xsl</String>
                                </field>
                                <field name="inputXMLURL">
                                    <String>${currentFileURL}</String>
                                </field>
                                <field name="defaultScenario">
                                    <Boolean>false</Boolean>
                                </field>
                                <field name="isFOPPerforming">
                                    <Boolean>false</Boolean>
                                </field>
                                <field name="type">
                                    <String>XSL</String>
                                </field>
                                <field name="saveAs">
                                    <Boolean>true</Boolean>
                                </field>
                                <field name="openInBrowser">
                                    <Boolean>false</Boolean>
                                </field>
                                <field name="outputFile">
                                    <File>C:/Lokale Datenablage/Dropbox/Desktop/${cfn}.csv</File>
                                </field>
                                <field name="outputResource">
                                    <String>C:\Lokale Datenablage\Dropbox\Desktop\${cfn}.csv</String>
                                </field>
                                <field name="openOtherLocationInBrowser">
                                    <Boolean>false</Boolean>
                                </field>
                                <field name="locationToOpenInBrowserURL">
                                    <null/>
                                </field>
                                <field name="openInEditor">
                                    <Boolean>false</Boolean>
                                </field>
                                <field name="showInHTMLPane">
                                    <Boolean>false</Boolean>
                                </field>
                                <field name="showInXMLPane">
                                    <Boolean>false</Boolean>
                                </field>
                                <field name="showInSVGPane">
                                    <Boolean>false</Boolean>
                                </field>
                                <field name="showInResultSetPane">
                                    <Boolean>false</Boolean>
                                </field>
                                <field name="useXSLTInput">
                                    <Boolean>true</Boolean>
                                </field>
                                <field name="xsltParams">
                                    <list/>
                                </field>
                                <field name="cascadingStylesheets">
                                    <String-array/>
                                </field>
                                <field name="xslTransformer">
                                    <String>Saxon6.5.5</String>
                                </field>
                                <field name="extensionURLs">
                                    <String-array/>
                                </field>
                            </scenario>
                            <scenario>
                                <field name="advancedOptionsMap">
                                    <null/>
                                </field>
                                <field name="name">
                                    <String>lemmata-600</String>
                                </field>
                                <field name="baseURL">
                                    <String></String>
                                </field>
                                <field name="footerURL">
                                    <String></String>
                                </field>
                                <field name="fOPMethod">
                                    <String>pdf</String>
                                </field>
                                <field name="fOProcessorName">
                                    <String>Apache FOP</String>
                                </field>
                                <field name="headerURL">
                                    <String></String>
                                </field>
                                <field name="inputXSLURL">
                                    <String>file:/U:/PA/svn/04-39/trunk/svsal/resources/xsl/extract_lemmata_to_text.xsl</String>
                                </field>
                                <field name="inputXMLURL">
                                    <String>file:/U:/PA/svn/04-39/trunk/svsal/data/lemmata-600.xml</String>
                                </field>
                                <field name="defaultScenario">
                                    <Boolean>false</Boolean>
                                </field>
                                <field name="isFOPPerforming">
                                    <Boolean>false</Boolean>
                                </field>
                                <field name="type">
                                    <String>XSL</String>
                                </field>
                                <field name="saveAs">
                                    <Boolean>false</Boolean>
                                </field>
                                <field name="openInBrowser">
                                    <Boolean>false</Boolean>
                                </field>
                                <field name="outputFile">
                                    <null/>
                                </field>
                                <field name="outputResource">
                                    <null/>
                                </field>
                                <field name="openOtherLocationInBrowser">
                                    <Boolean>false</Boolean>
                                </field>
                                <field name="locationToOpenInBrowserURL">
                                    <null/>
                                </field>
                                <field name="openInEditor">
                                    <Boolean>true</Boolean>
                                </field>
                                <field name="showInHTMLPane">
                                    <Boolean>false</Boolean>
                                </field>
                                <field name="showInXMLPane">
                                    <Boolean>true</Boolean>
                                </field>
                                <field name="showInSVGPane">
                                    <Boolean>false</Boolean>
                                </field>
                                <field name="showInResultSetPane">
                                    <Boolean>false</Boolean>
                                </field>
                                <field name="useXSLTInput">
                                    <Boolean>true</Boolean>
                                </field>
                                <field name="xsltParams">
                                    <list/>
                                </field>
                                <field name="cascadingStylesheets">
                                    <String-array/>
                                </field>
                                <field name="xslTransformer">
                                    <String>Saxon6.5.5</String>
                                </field>
                                <field name="extensionURLs">
                                    <String-array/>
                                </field>
                            </scenario>
                            <scenario>
                                <field name="advancedOptionsMap">
                                    <null/>
                                </field>
                                <field name="name">
                                    <String>reading_view</String>
                                </field>
                                <field name="baseURL">
                                    <String></String>
                                </field>
                                <field name="footerURL">
                                    <String></String>
                                </field>
                                <field name="fOPMethod">
                                    <String>pdf</String>
                                </field>
                                <field name="fOProcessorName">
                                    <String>Apache FOP</String>
                                </field>
                                <field name="headerURL">
                                    <String></String>
                                </field>
                                <field name="inputXSLURL">
                                    <String>oxygen:/Local%20eXist2$Local%20exist%20WeGA/db/apps/salamanca/resources/xsl/reading_view.xsl</String>
                                </field>
                                <field name="inputXMLURL">
                                    <String>file:/U:/PA/Documents/Akademienprojekt/Projektdaten/svn/trunk/W0065.xml</String>
                                </field>
                                <field name="defaultScenario">
                                    <Boolean>false</Boolean>
                                </field>
                                <field name="isFOPPerforming">
                                    <Boolean>false</Boolean>
                                </field>
                                <field name="type">
                                    <String>XSL</String>
                                </field>
                                <field name="saveAs">
                                    <Boolean>true</Boolean>
                                </field>
                                <field name="openInBrowser">
                                    <Boolean>true</Boolean>
                                </field>
                                <field name="outputFile">
                                    <File>${pd}/reading_view_output.html</File>
                                </field>
                                <field name="outputResource">
                                    <String>${pd}/reading_view_output.html</String>
                                </field>
                                <field name="openOtherLocationInBrowser">
                                    <Boolean>false</Boolean>
                                </field>
                                <field name="locationToOpenInBrowserURL">
                                    <null/>
                                </field>
                                <field name="openInEditor">
                                    <Boolean>false</Boolean>
                                </field>
                                <field name="showInHTMLPane">
                                    <Boolean>false</Boolean>
                                </field>
                                <field name="showInXMLPane">
                                    <Boolean>false</Boolean>
                                </field>
                                <field name="showInSVGPane">
                                    <Boolean>false</Boolean>
                                </field>
                                <field name="showInResultSetPane">
                                    <Boolean>false</Boolean>
                                </field>
                                <field name="useXSLTInput">
                                    <Boolean>true</Boolean>
                                </field>
                                <field name="xsltParams">
                                    <list/>
                                </field>
                                <field name="cascadingStylesheets">
                                    <String-array/>
                                </field>
                                <field name="xslTransformer">
                                    <String>Saxon-EE</String>
                                </field>
                                <field name="extensionURLs">
                                    <String-array/>
                                </field>
                            </scenario>
                            <scenario>
                                <field name="advancedOptionsMap">
                                    <null/>
                                </field>
                                <field name="name">
                                    <String>w0013_v2</String>
                                </field>
                                <field name="baseURL">
                                    <String></String>
                                </field>
                                <field name="footerURL">
                                    <String></String>
                                </field>
                                <field name="fOPMethod">
                                    <String>pdf</String>
                                </field>
                                <field name="fOProcessorName">
                                    <String>Apache FOP</String>
                                </field>
                                <field name="headerURL">
                                    <String></String>
                                </field>
                                <field name="inputXSLURL">
                                    <String>file:/home/wagner/w0013_v2/subtractVol2linenumbers.xsl</String>
                                </field>
                                <field name="inputXMLURL">
                                    <String>${currentFileURL}</String>
                                </field>
                                <field name="defaultScenario">
                                    <Boolean>false</Boolean>
                                </field>
                                <field name="isFOPPerforming">
                                    <Boolean>false</Boolean>
                                </field>
                                <field name="type">
                                    <String>XSL</String>
                                </field>
                                <field name="saveAs">
                                    <Boolean>true</Boolean>
                                </field>
                                <field name="openInBrowser">
                                    <Boolean>false</Boolean>
                                </field>
                                <field name="outputFile">
                                    <File>w0013_v2b.html</File>
                                </field>
                                <field name="outputResource">
                                    <String>w0013_v2b.html</String>
                                </field>
                                <field name="openOtherLocationInBrowser">
                                    <Boolean>false</Boolean>
                                </field>
                                <field name="locationToOpenInBrowserURL">
                                    <null/>
                                </field>
                                <field name="openInEditor">
                                    <Boolean>true</Boolean>
                                </field>
                                <field name="showInHTMLPane">
                                    <Boolean>false</Boolean>
                                </field>
                                <field name="showInXMLPane">
                                    <Boolean>false</Boolean>
                                </field>
                                <field name="showInSVGPane">
                                    <Boolean>false</Boolean>
                                </field>
                                <field name="showInResultSetPane">
                                    <Boolean>false</Boolean>
                                </field>
                                <field name="useXSLTInput">
                                    <Boolean>true</Boolean>
                                </field>
                                <field name="xsltParams">
                                    <list/>
                                </field>
                                <field name="cascadingStylesheets">
                                    <String-array/>
                                </field>
                                <field name="xslTransformer">
                                    <String>Saxon-EE</String>
                                </field>
                                <field name="extensionURLs">
                                    <String-array/>
                                </field>
                            </scenario>
                            <scenario>
                                <field name="advancedOptionsMap">
                                    <null/>
                                </field>
                                <field name="name">
                                    <String>Repaginate</String>
                                </field>
                                <field name="baseURL">
                                    <String></String>
                                </field>
                                <field name="footerURL">
                                    <String></String>
                                </field>
                                <field name="fOPMethod">
                                    <String>pdf</String>
                                </field>
                                <field name="fOProcessorName">
                                    <String>Apache FOP</String>
                                </field>
                                <field name="headerURL">
                                    <String></String>
                                </field>
                                <field name="inputXSLURL">
                                    <String>${pdu}/xslt/repaginate.xslt</String>
                                </field>
                                <field name="inputXMLURL">
                                    <String>${currentFileURL}</String>
                                </field>
                                <field name="defaultScenario">
                                    <Boolean>false</Boolean>
                                </field>
                                <field name="isFOPPerforming">
                                    <Boolean>false</Boolean>
                                </field>
                                <field name="type">
                                    <String>XSL</String>
                                </field>
                                <field name="saveAs">
                                    <Boolean>true</Boolean>
                                </field>
                                <field name="openInBrowser">
                                    <Boolean>true</Boolean>
                                </field>
                                <field name="outputFile">
                                    <File>${cf}/${cfn}_repaginated.xml</File>
                                </field>
                                <field name="outputResource">
                                    <String>${cf}/${cfn}_repaginated.xml</String>
                                </field>
                                <field name="openOtherLocationInBrowser">
                                    <Boolean>false</Boolean>
                                </field>
                                <field name="locationToOpenInBrowserURL">
                                    <null/>
                                </field>
                                <field name="openInEditor">
                                    <Boolean>false</Boolean>
                                </field>
                                <field name="showInHTMLPane">
                                    <Boolean>false</Boolean>
                                </field>
                                <field name="showInXMLPane">
                                    <Boolean>false</Boolean>
                                </field>
                                <field name="showInSVGPane">
                                    <Boolean>false</Boolean>
                                </field>
                                <field name="showInResultSetPane">
                                    <Boolean>false</Boolean>
                                </field>
                                <field name="useXSLTInput">
                                    <Boolean>true</Boolean>
                                </field>
                                <field name="xsltParams">
                                    <list>
                                        <transformationParameter>
                                            <field name="paramDescription">
                                                <paramDescriptor>
                                                    <field name="localName">
                                                        <String>format</String>
                                                    </field>
                                                    <field name="prefix">
                                                        <null/>
                                                    </field>
                                                    <field name="namespace">
                                                        <null/>
                                                    </field>
                                                </paramDescriptor>
                                            </field>
                                            <field name="value">
                                                <String>${ask('format', combobox('simple';'folio';'bracketed simple';'bracketed folio'), 'simple')}</String>
                                            </field>
                                            <field name="hasXPathValue">
                                                <Boolean>false</Boolean>
                                            </field>
                                        </transformationParameter>
                                        <transformationParameter>
                                            <field name="paramDescription">
                                                <paramDescriptor>
                                                    <field name="localName">
                                                        <String>starting_facs</String>
                                                    </field>
                                                    <field name="prefix">
                                                        <null/>
                                                    </field>
                                                    <field name="namespace">
                                                        <null/>
                                                    </field>
                                                </paramDescriptor>
                                            </field>
                                            <field name="value">
                                                <String>${ask('Facs attribute identifying first page to be repaginated', generic, 'facs:')}</String>
                                            </field>
                                            <field name="hasXPathValue">
                                                <Boolean>false</Boolean>
                                            </field>
                                        </transformationParameter>
                                        <transformationParameter>
                                            <field name="paramDescription">
                                                <paramDescriptor>
                                                    <field name="localName">
                                                        <String>starting_newN</String>
                                                    </field>
                                                    <field name="prefix">
                                                        <null/>
                                                    </field>
                                                    <field name="namespace">
                                                        <null/>
                                                    </field>
                                                </paramDescriptor>
                                            </field>
                                            <field name="value">
                                                <String>${ask('New number for the first repaginated page', generic, '')}</String>
                                            </field>
                                            <field name="hasXPathValue">
                                                <Boolean>false</Boolean>
                                            </field>
                                        </transformationParameter>
                                    </list>
                                </field>
                                <field name="cascadingStylesheets">
                                    <String-array/>
                                </field>
                                <field name="xslTransformer">
                                    <String>Saxon-HE</String>
                                </field>
                                <field name="extensionURLs">
                                    <String-array/>
                                </field>
                            </scenario>
                        </scenario-array>
                    </entry>
